-- MySQL dump 10.13  Distrib 8.0.33, for Win64 (x86_64)
--
-- Host: 127.0.0.1    Database: project3
-- ------------------------------------------------------
-- Server version	8.1.0

/*!40101 SET @OLD_CHARACTER_SET_CLIENT=@@CHARACTER_SET_CLIENT */;
/*!40101 SET @OLD_CHARACTER_SET_RESULTS=@@CHARACTER_SET_RESULTS */;
/*!40101 SET @OLD_COLLATION_CONNECTION=@@COLLATION_CONNECTION */;
/*!50503 SET NAMES utf8 */;
/*!40103 SET @OLD_TIME_ZONE=@@TIME_ZONE */;
/*!40103 SET TIME_ZONE='+00:00' */;
/*!40014 SET @OLD_UNIQUE_CHECKS=@@UNIQUE_CHECKS, UNIQUE_CHECKS=0 */;
/*!40014 SET @OLD_FOREIGN_KEY_CHECKS=@@FOREIGN_KEY_CHECKS, FOREIGN_KEY_CHECKS=0 */;
/*!40101 SET @OLD_SQL_MODE=@@SQL_MODE, SQL_MODE='NO_AUTO_VALUE_ON_ZERO' */;
/*!40111 SET @OLD_SQL_NOTES=@@SQL_NOTES, SQL_NOTES=0 */;

--
-- Table structure for table `following`
--

DROP TABLE IF EXISTS `following`;
/*!40101 SET @saved_cs_client     = @@character_set_client */;
/*!50503 SET character_set_client = utf8mb4 */;
CREATE TABLE `following` (
  `fId` int NOT NULL AUTO_INCREMENT,
  `fUserId` int DEFAULT NULL,
  `fVacationId` int DEFAULT NULL,
  PRIMARY KEY (`fId`),
  KEY `userId_idx` (`fUserId`),
  KEY `vcnId_idx` (`fVacationId`),
  CONSTRAINT `userId` FOREIGN KEY (`fUserId`) REFERENCES `users` (`userId`) ON DELETE CASCADE ON UPDATE CASCADE,
  CONSTRAINT `vcnId` FOREIGN KEY (`fVacationId`) REFERENCES `vacations` (`vcnId`) ON DELETE CASCADE ON UPDATE CASCADE
) ENGINE=InnoDB AUTO_INCREMENT=49 DEFAULT CHARSET=utf8mb4 COLLATE=utf8mb4_0900_ai_ci;
/*!40101 SET character_set_client = @saved_cs_client */;

--
-- Dumping data for table `following`
--

LOCK TABLES `following` WRITE;
/*!40000 ALTER TABLE `following` DISABLE KEYS */;
INSERT INTO `following` VALUES (5,5,6),(6,5,7),(7,6,8),(8,6,9),(9,7,10),(10,8,11),(11,8,12),(12,8,13),(13,9,14),(14,10,15),(15,10,23),(16,10,16),(17,10,15),(18,9,5),(19,8,6),(20,8,7),(21,5,17),(22,6,18),(23,7,19),(24,8,20),(25,9,21),(26,10,22),(27,5,23),(28,6,24),(29,7,25),(30,8,26),(31,9,27),(32,10,28),(33,5,29),(34,6,30),(35,7,31),(36,8,32),(37,9,33),(38,10,34),(39,5,34),(40,6,34),(41,7,24),(42,8,34),(43,9,34),(44,10,33),(45,9,32),(46,8,33),(47,7,33),(48,6,32);
/*!40000 ALTER TABLE `following` ENABLE KEYS */;
UNLOCK TABLES;

--
-- Table structure for table `users`
--

DROP TABLE IF EXISTS `users`;
/*!40101 SET @saved_cs_client     = @@character_set_client */;
/*!50503 SET character_set_client = utf8mb4 */;
CREATE TABLE `users` (
  `userId` int NOT NULL AUTO_INCREMENT,
  `firstName` varchar(255) DEFAULT NULL,
  `lastName` varchar(255) DEFAULT NULL,
  `email` varchar(255) DEFAULT NULL,
  `pswrd` varchar(255) DEFAULT NULL,
  `userRole` varchar(50) DEFAULT NULL,
  PRIMARY KEY (`userId`),
  UNIQUE KEY `email` (`email`)
) ENGINE=InnoDB AUTO_INCREMENT=12 DEFAULT CHARSET=utf8mb4 COLLATE=utf8mb4_0900_ai_ci;
/*!40101 SET character_set_client = @saved_cs_client */;

--
-- Dumping data for table `users`
--

LOCK TABLES `users` WRITE;
/*!40000 ALTER TABLE `users` DISABLE KEYS */;
INSERT INTO `users` VALUES (5,'John','Evans','one@co.il','$2a$05$CftQ/TO/McwZMqXp227m0enQ/.qGJZi9/8q8vzX.gyS/zUKLYNQ7i','user'),(6,'Peter','Simpson','two@co.il','$2a$05$CftQ/TO/McwZMqXp227m0enQ/.qGJZi9/8q8vzX.gyS/zUKLYNQ7i','user'),(7,'Ann','Whatson','three@co.il','$2a$05$CftQ/TO/McwZMqXp227m0enQ/.qGJZi9/8q8vzX.gyS/zUKLYNQ7i','user'),(8,'Alex','Jones','four@co.il','$2a$05$CftQ/TO/McwZMqXp227m0enQ/.qGJZi9/8q8vzX.gyS/zUKLYNQ7i','user'),(9,'Alexandra','Petrucci','five@co.il','$2a$05$CftQ/TO/McwZMqXp227m0enQ/.qGJZi9/8q8vzX.gyS/zUKLYNQ7i','user'),(10,'James','McArthur','six@co.il','$2a$05$CftQ/TO/McwZMqXp227m0enQ/.qGJZi9/8q8vzX.gyS/zUKLYNQ7i','user'),(11,'admin','admin','admin@co.il','$2a$05$zuQbCdGePSo9q/ID3xVu9uV0goz.HgiLGew4/O8lRiPgkGrLw3K1G','admin');
/*!40000 ALTER TABLE `users` ENABLE KEYS */;
UNLOCK TABLES;

--
-- Table structure for table `vacations`
--

DROP TABLE IF EXISTS `vacations`;
/*!40101 SET @saved_cs_client     = @@character_set_client */;
/*!50503 SET character_set_client = utf8mb4 */;
CREATE TABLE `vacations` (
  `vcnId` int NOT NULL AUTO_INCREMENT,
  `destination` varchar(255) DEFAULT NULL,
  `about` mediumtext,
  `fromDate` datetime DEFAULT NULL,
  `toDate` datetime DEFAULT NULL,
  `price` int DEFAULT NULL,
  `imageSrc` varchar(255) DEFAULT NULL,
  PRIMARY KEY (`vcnId`)
) ENGINE=InnoDB AUTO_INCREMENT=35 DEFAULT CHARSET=utf8mb4 COLLATE=utf8mb4_0900_ai_ci;
/*!40101 SET character_set_client = @saved_cs_client */;

--
-- Dumping data for table `vacations`
--

LOCK TABLES `vacations` WRITE;
/*!40000 ALTER TABLE `vacations` DISABLE KEYS */;
INSERT INTO `vacations` VALUES (5,'Eilat, Israel','It is known to everyone as the southernmost city in Israel, is famous for being a \"VAT-free\" city and also serves as a coveted gateway across the border to beautiful Sinai.\n \nIt has a great abundance of attractions and activities of every kind you can think of, a lively nightlife scene and not a few excellent restaurants and supermarkets that are open 24/7. \n \nIn addition to all these, it is heaven on earth for shopaholics and despite the hot temperatures, \nit has an ice bar and a skating rink that will allow you to refresh yourself even \n on particularly hot days - nice to meet you, Eilat!','2023-06-01 00:00:00','2023-06-07 00:00:00',1400,'https://static.timesofisrael.com/www/uploads/2020/11/F201107YA10.jpg'),(6,'Havana, Cuba','With an average of 330 days of sunshine a year and over 400 kilometres of pristine shores lining the coast, \n Cuba is the perfect place for a relaxing beach getaway. Soak up the sun on the famous white-sand shores of Varadero Beach, \n snorkel in the coral reefs off the coast of Playa Pilar and walk along the soft sands of Playa Paraiso. \nThe island is also home to more UNESCO World Heritage Sites than any other Caribbean country, perfect for travellers \nlooking to soak in the local culture and learn about Cuba\'s fascinating history. Explore the cobblestone streets of \nOld Havana where classic American cars line the street, tour the seaside fortress of El Morro in Santiago de Cuba and discover the colonial \nsquares of Trinidad.','2022-07-02 00:00:00','2022-07-08 00:00:00',5600,'https://travelinsider.ru/wp-content/uploads/2017/06/Rooftop-pool-Gran-Hotel-Manzana-Kempinski.jpg'),(7,'Antalia, Turkey','With a population of around 2,350 thousand Antalya is a world famous tourism city in Turkey. \n Antalya is a tourism paradise in its own right. Alanya, Side, Belek, Kas, Kalkan, Kemer, Muratpasa, Manavgat, \n along with the districts of the world\'s most demanded holiday cities.\n Manvagat Boat Tour from Antalya is one of the best options to spend a day of vacation in the lap of nature \n without any hustle and bustle. It is absolutely a quiet trip and the best opportunity to surrender oneself \n to the beauties of nature. On this river cruise, you will swim in an incredibly beautiful delta where the \n river flows into the open sea, as well as can shop on the largest local Manavgat bazaar.','2024-08-02 00:00:00','2024-08-08 00:00:00',2400,'https://sportishka.com/uploads/posts/2022-03/thumbs/1646384528_13-sportishka-com-p-antaliya-kemer-turizm-krasivo-foto-14.jpg'),(8,'St Petersburg, Russia','The second largest city in Russia, St. Petersburg is the country\'s cultural heart. View splendid architectural gems like the \nWinter Palace and the Kazan Cathedral, and give yourself plenty of time to browse the world-renowned art collection of the Hermitage. \nSprawling across the Neva River delta, St. Petersburg offers enough art, nightlife, fine dining and cultural destinations for many repeat\n visits.\nPeter the Great\'s city is an exercise in invention. Its canals reflect a spellbinding collection of cultural palaces, \nwhile the environment inspired many great artists, writers and musical maestros.','2024-09-02 00:00:00','2024-09-08 00:00:00',2420,'https://sportishka.com/uploads/posts/2022-04/1650625445_1-sportishka-com-p-muzei-zapovednik-petergof-krasivo-foto-1.jpg'),(9,'Ulaanbaatar, Mongolia','Mongolia, the country of adventure, land of steppe nomads with real freedom and great history behind. \n Pieceful Mongol nation tribes here in Central Asia for thousands of years. \n Mongolians are welcome hospitality nation to introduce our nomadic lifestyle to you and proud to share their amazing history with you.\n On summer season, urban citizens (or UB citizens) have active demands to get outside for travel. From the famous Terelj National Park \n to the Blue pearl lake Khuvsgul, from the wild horses home of Hustai National Park to the golden sand dunes of Gobi desert,\n  everywhere and anywhere in the country, people can surrounded by the beautiful nature and lively culture. Some, of course, still \n  stay in the city and enjoy city life under the sun and shining stars. ','2023-10-02 00:00:00','2023-10-28 00:00:00',2320,'https://cdn.profile.ru/wp-content/uploads/2022/01/Mongoliya-fon-stepi-ljudi.jpg'),(10,'Karelia, Russia','The Republic of Karelia is located in the north-western part of Russia, bordering Finland. \n The region is of great interest in the first place from a tourist point of view. \n Active, cultural and green forms of tourism are the most popular. You will visit Kizhi and Valaam Islands, Kivach Waterfall and Ruskeala Park, \n Solovetsky and Valaam monasteries. See the true beauty of the Russian North by immersing yourself in Karelian culture, architecture, history, \n and art.','2023-12-29 00:00:00','2024-01-19 00:00:00',2450,'https://atlasprirodirossii.ru/wp-content/uploads/2019/12/otdyh-s-detmi-v-karelii-zimoj-2.jpg'),(11,'Thessaloniki, Greece','Greece\'s second city is known to be less chaotic than Athens, but sometimes all you want is to get away and escape the hectic urban lifestyle \nin order to come back refreshed and rested. Thessaloniki\'s convenient location and its airport makes it easy to leave even just for a weekend, so here is a list of our suggestions for \n the best weekend getaways from Thessaloniki. If you are a nature lover, a tour to Lake Kerkini is a must. This tour takes you to a magical place with rich in flora and fauna in Serres \n Region. There, you can do birdwatching and explore the natural environment. The tours to Mount Athos and Meteora are also very popular in \n Thessaloniki, especially for those interested in religious tourism. However, a tour to Pella and Vergina or a tour to Dion Olympos are perfect \n choices for history buffs.','2024-09-29 00:00:00','2024-10-19 00:00:00',2230,'https://provodniq.com/wp-content/uploads/2017/01/1-63.jpg'),(12,'Meteora, Greece','Visit Meteora famed monasteries with the local expert guides of our company , enjoying comfortable tours conducted in a luxury minibus.\n  You can choose between Morning Meteora tour , Hiking Meteora activities , majestic sunset Meteora tour with stops at all six monasteries and the best panoramic points , \n  or private full exclusive VIP experiences tailored to your preferences. \n In all of our tours we offer pick up / drop off from your hotel in Kalabaka or Kastraki. Combine tours and enjoy the most comprehensive and amazing Meteora experience. ','2024-11-29 00:00:00','2024-12-19 00:00:00',2340,'https://img.theculturetrip.com/1440x960/smart/wp-content/uploads/2020/01/gettyimages-481123842.jpg'),(13,'Antananarivo, Madagascar','Madagascar is a lively island full of contrasting tourist places that roots from ancient as well as modern influences, making it a box of beautiful surprises!\nThere are certain things that you should never miss when travelling on luxury Madagascar holidays. These experiences make visiting this region an unforgettable experience.\nWhether it\'s walking barefoot on beaches of paradise, gazing up in wonder at ancient baobabs, or forging strong connections with local Madagascans, our Madagascar tours \noffer you truly authentic experiences. We\'ll take you to hidden gems off the beaten track while you sample local delicacies like traditional Romazava and delectable \ncinnamon rum cocktails - knowing your Madagascar trip supports local businesses and families while you\'re at it.','2024-02-29 00:00:00','2024-03-19 00:00:00',2460,'https://traveltimes.ru/wp-content/uploads/2021/12/outdoor-swimming-pool-andilana-resort-1536x864.jpg'),(14,'Lima, Peru','Sooner or later, anyone who wants to be considered a world traveler must visit Peru to earn that lofty title. \n For many, Peru conjures up images of hidden ancient ruins, breathtaking mountain views, and remote jungle villages. Peru is all this and more!\n From hiking the Inca Trail to spotting incredible species in the rainforest, Peru offers all kind of exciting experiences. \n Browse our categories to help you find the right Peru tour for you.','2024-02-29 00:00:00','2024-03-19 00:00:00',4560,'https://nypost.com/wp-content/uploads/sites/2/2019/12/peru-1.jpg'),(15,'Santa Teresa, Costa Rica','Costa Rica isn\'t just a rugged vacation for adventure seekers. It\'s also the perfect place for a relaxing spa getaway. \n The area around Arenal Volcano is famous for its luxury spas surrounded by natural hot springs. \n Beach resorts are also growing in popularity, with destinations like the Papagayo Peninsula offering sandy shores, \n wildlife experiences, and five-star accommodations. ','2024-02-29 00:00:00','2024-03-19 00:00:00',5560,'https://i.pinimg.com/originals/f1/00/fb/f100fb064658599cf6e1ebf1e2718900.jpg'),(16,'Cornwall, England','The Cornish Coast takes the British seaside to a completely different level. The views compete with the finest coastlines in Italy, \n but with the rugged cliffs and sparkling sea, it would be hard to find any place more unique. \n Cornwall is more than just scenery and exceptional landscapes. It has its very own character filled with history, mystery and traditions.\n If you have more time to explore Cornwall, then this five-day private tour combines the best that Cornwall has to offer. \n See the best coves, cliffs, towns and countryside.','2024-05-29 00:00:00','2024-06-19 00:00:00',1560,'https://irp-cdn.multiscreensite.com/17cc50ed/dms3rep/multi/http___prod-upp-image-read.ft.jpg'),(17,'Arctic Circle Cruise','Arctic cruises, also known as polar cruises or Arctic expeditions, are voyages that take travelers to explore the Arctic region. \nThe Arctic is a vast area located around the North Pole and includes parts of various countries, such as Canada, Greenland (a territory of Denmark),\n Norway, Russia, and the United States (Alaska). This remote and fascinating region, known for its dramatic landscapes and incredible biodiversity, \n offers an unmatched experience. From glaciers that have sculpted mountains and fjords to the endless tundra teeming with wildlife, a cruise to the Arctic\n  is an immersion in the grandeur and raw beauty of nature.','2025-06-27 00:00:00','2025-07-19 00:00:00',6560,'https://elitetraveler.com/wp-content/uploads/sites/8/2020/05/Screenshot-2020-05-13-at-08.52.58.png'),(18,'Zanzibar, Tanzania','Looking for the best tours in Zanzibar?\nWhether you are coming to Zanzibar Island for a week or few days vacation you should always choose the best Zanzibar day trips and experiences like stone \ntown tour, prison island tour, safari blue trip, mnemba atoll snorkeling tour, spice plantation tour etc.\nZanzibar excursions prices.\n Average day trips/ excursions rates are between $15 to $50 usd depends upon distance to the attractions and number of people you are.\nGroup and private guided tours. Our daily activities consist of half day and full day trips and can be organized for individual, family and small groups, \nand we also have special services for big or incentive groups.','2022-06-12 00:00:00','2022-06-19 00:00:00',5530,'https://thailand-good.ru/wp-content/uploads/b/a/f/baf7a7232d3ec139901f2afcbe7e673b.jpeg'),(19,'Socotra, Yemen','The island of Socotra receives great attention from the government in Yemen in order to benefit from its diverse stocks, natural characteristics, and economic advantages. \nBenefit from global efforts and interests to preserve Socotra Island as a natural jewel, according to official data issued by the Ministry of Tourism there. \nThe island of Socotra enjoys a unique plant diversity, as the number of plant species reaches about nine hundred species, of which three hundred are endemic. \nThere is also a group of medicinal plants among them, and there are more than three hundred species of fungal organisms that take Socotra as the only place to live in the world.','2025-06-02 00:00:00','2025-06-17 00:00:00',3530,'https://turizm.pibig.info/uploads/posts/2023-04/1682778921_turizm-pibig-info-p-sokotra-ostrov-strana-turizm-oboi-1.jpg'),(20,'Beirut, Lebanon','Discover Beirut accompanied by an expert guide on this wonderful family friendly tour. Discover the city that was once called the Paris of the Middle east. \nYour expert guide will not only introduce you to the must-see monuments, but also Beiruts secrets and hidden gems. The tour itinerary ensures that you dont \nmiss any of the most famous sights, but also shows you some things you never knew existed.\nThe pigeon rock is a stunning set of rocks and a Popular tourist destination known for its iconic rock formations in picturesque seaside surrounds, \nwelcome you to the city of Beirut. Pigeons Rock (also known as the Rock of Raouch) is located at Beiruts western-most tip, the two huge rock \nformations stand like gigantic sentinels to the city.','2025-08-01 00:00:00','2025-09-16 00:00:00',1530,'https://www.webturizm.ru/storage/photos/lebanon/lebanon-beirut-27610.jpg'),(21,'Alaska, USA','Privately guided,  family vacation packages are custom-designed, multi-day trip packages with adventures for all ages. \nPlan the perfect family trip allowing each member the opportunity to experience their ultimate Alaska vacation!\nOur Alaska tour and travel resident agents use local knowledge to help you plan, coordinate and execute the best \nvacation experience for your family.\nAlaskan Tour Guides works closely with many Alaskan outfitters who provide expertise in each of their adventures for your family\'s safety and enjoyment.','2025-01-01 00:00:00','2025-01-16 00:00:00',3530,'https://www.nathab.com/uploaded-files/carousels/TRIPS/Grizzlies-Kodiak-Katmai/Alaska-Grizzlies-Kodiak-Katmai-3-tidal-flats.jpg'),(22,'Moscow, Russia','On Russian vacations, Moscow is the capital of the country and serves as the major political, economic, cultural, and scientific centre. \nAs well as the capital of the former Soviet Union, Moscow played a significant role in the development of Russia.\nWith a span of 1080 sq. km, Moscow features the Moskva River, which bends its way through the city, with the more prominent sites \nfeatured on the northern bank of the river. Moscow features various ring roads encircling the metropolis at various distances from the centre, \nwhere the Kremlin and Red Square are located.\nAn 860-year-old city, Moscow has many reminders of its imperial and Soviet past to be enjoyed on trips to Russia.','2025-02-05 00:00:00','2025-02-18 00:00:00',4530,'https://mykaleidoscope.ru/x/uploads/posts/2022-09/1663335162_2-mykaleidoscope-ru-p-moskva-stolitsa-mira-pinterest-2.jpg'),(23,'Tbilisi, Georgia','Freedom Square and Tbilisi Opera and Ballet Theatre are just some of the fascinating places to visit in this area. Not your style? \nWell don\'t fret — there\'s plenty of choice here. Additional worthwhile options are Metekhi Church and Narikala Fortress. Take a break from cities and concrete at \nTurtle Lake, where you can take in the fresh air, unwind and simply appreciate the views. Want to keep the good times rolling? Although this institution is renowned \nfor its name as a prestigious center for knowledge and learning, Tbilisi State University also has some interesting design features. But that\'s not all! Whether you\'re\n embarking on a personal pilgrimage or just curious about what\'s beyond its doors, everybody is welcome to visit Holy Trinity Cathedral of Tbilisi. Why not share a\n  pew with local worshipers and attend a service?\n  If you have a spare day and you\'re happy to travel 45 miles, check out Haghpat. This nearby area is teeming with things to see and do. Haghpat Monastery is a \n  fantastic place to start understanding the story of this destination.','2025-03-15 00:00:00','2025-03-28 00:00:00',2330,'https://sportishka.com/uploads/posts/2022-04/1650490850_30-sportishka-com-p-gruziya-tbilisi-dostoprimechatelnosti-kras-30.jpg'),(24,'Kamchatka Volcanoes, Russia','The route of Volcanoes of Kamchatka tour lies along the remote Klyuchevskoy park and the Southern group of the volcanoes.\n In this wild place you will rarely meet tourists there, and you will be able to enjoy fully the views of wild nature and volcanoes.\n Viewing of the consequences of the Great Tolbachik Fissure Eruption which happened in the 1970s and of the new eruption in 2012-2013:\n  Dead forest, solidified lava flows, as well as caves\nAscent of Plosky Tolbachik volcano and the cones of the Northern breakthrough\nExploration of the south group of the volcanoes, such as Mutnovsky and Gorely: a trip to the active craters with visible volcanic activity\nA visit of 2 wonderful waterfalls','2025-04-05 00:00:00','2025-04-18 00:00:00',2910,'https://youtravel.me/upload/tours/11152/media/c64/c640148252e96f78ad4391bf3dd132ca.jpg'),(25,'Amazon River tour','Amazon River cruises take adventurous explorers on one of the world\'s most rewarding wildlife expeditions. Journey deep into the heart of the \nlargest rainforest on Earth on a boat trip down the Amazon, a mystical realm of boundless biodiversity where physical and spiritual worlds entwine, \na primeval domain still ruled by the jaguar, home to giant snakes, towering trees and uncontacted tribes hiding in plain sight.\nThe best Amazon cruises explore the remote reaches of this fairytale forest. Witness the playful pink river dolphins in the headwaters of the Amazon \nin Peru\'s Pacaya-Samiria National Reserve aboard some of the most luxurious Amazon cruises available, or see the kaleidoscopic colors of the clay \nlicks in the Ecuadorian Oriente.','2025-05-05 00:00:00','2025-05-18 00:00:00',7910,'https://i.pinimg.com/originals/a0/2d/2b/a02d2b6ad71ba0cf6ad1dba8b9cf030d.jpg'),(26,'Pyongyang, North Korea','A tour to North Korea (DPRK) is the ultimate in adventure travel. Join Koryo Tours as we explore Pyongyang and some of North Korea\'s most remote locations for an experience you\'ll \nnever forget, all in the safe hands of North Korea tour experts.\nOur North Korea tours are designed with the purpose of making sure you see and do as much as possible on tour in North Korea (DPRK). Touring this country is the opportunity of a \nlifetime for many, and we use our 28 years of North Korea experience to ensure you get the most out of your time there.\nWe have classic, speciality, and budget North Korea tours scheduled throughout the year. Get in touch for help on deciding which North Korea tour is best for you. Our experts are \nhappy to answer all your questions.','2025-06-05 00:00:00','2025-06-18 00:00:00',8910,'https://1.bp.blogspot.com/-oOQEnfZvSw8/WkDEkBnuDmI/AAAAAAAACnI/dlPRDadQj68izhyiUBgGg7sL3QyXKVFagCLcBGAs/s1600/Ryomyong%2BStreet-night.jpg'),(27,'Sicily, Italy','Sicily, amazing Italian region that has a long and great history and hides millions of secrets in its magnificent cities and towns.\n We carry out work to promote tourism for many tourist structures. We offer private tours and shore excursions with pickup and drop-off \n at your accommodation or port in Taormina area, Messina, Catania and Syracuse, small group tours in Sicily, and taxi services at the \n cheapest prices in the region. Also, we organize multiday tours including transfers from the main Sicilian airports and ports to hotels \n or vacation rentals, restaurants. The tours will be drawn up according to your needs and may include the car rentals and bicycle rentals. \n Our team consists of English, Italian and Russian speaking local experts who are happy to share their knowledge and passion about Sicily.','2025-07-06 00:00:00','2025-07-17 00:00:00',5910,'http://yocuzlawyers.com/wp-content/uploads/2013/03/Vernazza.jpg'),(28,'Jerusalem, Israel','Our Jerusalem and Dead Sea tour is a day that will not be forgotten. In the morning, you\'ll visit Jerusalem, one of the world\'s most \nimpressive historical wonders. And in the afternoon, you\'ll visit the Dead Sea, one of the world\'s natural wonders. Our Jerusalem and \nDead Sea Tour is fully guided and one of our most popular tours. It\'s a great choice for anyone who wants to see the highlights of \nIsrael but is short of time.\nLeaving Jerusalem, you\'ll head south for the second half of your Jerusalem and Dead Sea Tour, the Dead Sea. Descending through the \nJudean Desert to the lowest place on Earth, you\'ll arrive at a beautiful beach at the Dead Sea. Here, you\'ll have time to float in \nthe salty waters, and to immerse yourself in the magical muds. Returning back from your Jerusalem and Dead Sea Tour, you\'ll reflect \non a day of contrasts, and a day of memories.','2024-10-16 00:00:00','2024-10-27 00:00:00',2910,'https://windowman.ru/wp-content/uploads/f/4/5/f4561d21d4bd34147a859ad8452a2824.jpeg'),(29,'Scottish Castle Tours','For history lovers and those who appreciate magnificent ancient architecture then one of our Scottish castle tours is a must. \nScotland has an abundance of stunning castles located all over the country. Each of these castles has a unique and fascinating \nhistory and a part to play in connecting modern Scotland to its\' amazing past. No trip to Scotland is complete without a castle \nvisit. We can organise tours of any duration to allow you to get close to history and visit some of these amazing sites.\n Below we have included some ideas for you to consider if you are thinking about a castle tour of Scotland.\n There are over 1000 castles in Scotland and our picture gallery shows a small selection of the most stunning castles in the \n Highlands Tours The best way to enjoy a visit to the castles of Scotland is to book a private tour. Custom Scotland tours from \n Edinburgh - Enjoy the best of Scotland\'s landscapes…','2024-11-16 00:00:00','2024-11-27 00:00:00',5910,'https://i.pinimg.com/originals/33/94/76/339476b9a7735da0106c01a1e69a6f5c.jpg'),(30,'Oymyakon, Pole of Cold, Russia','Oymayakon Village (Sakha Republic, Russia) is coldest permanently inhabited locales in the world (population 520 people). \nLocal people lead a traditional lifestyle, they are herders, hunters and fishermen. At first sight this is ordinary siberian village, \nbut according to various measurements, the minimum temperature in the village ranges from minus 78 to 82 C! This is an absolute record on Earth.\nVisit the Oymyakon — Cold Pole of the Northern Hemisphere of the Earth, the coldest inhabited locality  in the world. \n  See everything with your own eyes. 	Get to know what the cold is: you throw out boiling water into the cold, hammer nails by banana, \n  photograph nice \"white snow\" eyelashes','2024-11-16 00:00:00','2024-11-27 00:00:00',5910,'https://www.specialtravelclub.ru/files/uploaded/0bb07089-1b7b-4fe4-a384-a81b2423c0ef.jpg'),(31,'Halkidiki, Greece','Olympiada is a village of unparalleled natural beauty and historical importance. Only 90 km away from Thessaloniki and combining sublime nature, \nrich history and delectable local cuisine, it is the ideal destination for everyone looking for an - even short- escape from daily routine. \nLose track of time in some of the best beaches in Chalkidiki, explore century-old forests and their secrets, walk in the footsteps of \nworld-famous personalities who changed the course of history and shaped western thought, and become one with the locals in one of the area\'s \nsummer festivals.\nVisit Ancient Stagira, the birthplace of Aristotle, the philosopher who shaped western thought and was the teacher of one of the most famous \nemperors of all time, Alexander the Great. Ramble among the ruins of the ancient city and marvel at breathtaking views, as the forest and the \nwalls of the city meet the endless blue of the sea. ','2024-12-11 00:00:00','2024-12-20 00:00:00',4910,'https://i.pinimg.com/originals/b5/94/b0/b594b04dac4cc67a3687624d71cefe04.jpg'),(32,'Mekong Delta, Vietnam','An interesting region of the country on a Vietnam vacation is located in Southwestern Vietnam, the Mekong Delta is a network of distributaries \nemptying into the South China Sea from the Mekong River, which originates in the Tibetan highland plateau 2800 miles away.\nThe Vietnamese name for Mekong Delta is Cuu Long, meaning nine dragons, for the nine mouths that terminate the flow of the river as it absorbs \nin the sea.\nIn Vietnam, the Mekong Delta covers a region of 39,000 sq km (15,000 sq mi) and lies west of Ho Chi Minh City, forming a triangle stretching \nfrom My Tho in the east, Chau Doc in the northwest, and Ca Mau in the south, including the South China Sea and the island of Phu Quoc ','2023-10-05 00:00:00','2023-10-20 00:00:00',7910,'https://dubabah.club/uploads/posts/2023-05/1684236199_dubabah-club-p-rasteniya-yugo-vostochnoi-azii-krasivo-52.jpg'),(33,'Trans-Siberian Railway Tours','Discover mighty Russia, intriguing Mongolia, and enticing China on a single Trans-Siberian railway tour. But don\'t worry, you don\'t \nhave to travel to all three of them if you don\'t feel like it. We have plenty of journeys for you to choose from. You can select a shorter \nduration Trans-Siberian tour, or dedicate three weeks for your Eurasian adventure. It\'s all up to you. Whichever you choose you will \nhave the best Trans-SIberian trip, we\'re sure about it.The Trans-Siberian journey is a unique destination for people with a flame in \nthe heart and desire to discover new uncovered cultures, to see the best world\'s heritages, and feel life in full. The challenging travel provides\n comfortable accommodation onboard the train for at least two weeks. You also stay in local luxury hotels and unique accommodations \n during the journey, such as the real Mongolian ger camp. You see the beauty of Russia, dive into Mongolian nature, and immerse yourself \n in gorgeous China. Our experienced destination specialists have prepared the best itineraries and are ready to customize them according \n to your wishes and interests.','2024-06-11 00:00:00','2024-06-25 00:00:00',7910,'https://i.pinimg.com/originals/b6/21/3e/b6213e856618bc61d8547cd9b6fa1368.jpg'),(34,'IIssyk Kul, Kyrgyzstan','IIssyk Kul is the second largest alpine lake in the world. And this incredible 5 day journey has been designed to become one of the best \ntrips of your lifetime! 11 destinations and numerous experiences. Not being the longest one this tour implies all authentic activities that \nyou would experience only in Kyrgyzstan. Five beautiful and intense days around the charming and boundless lake will get you through its\n both sides: from modern resorts on the north coast, to wild and pristine nature on the south. You will be trying the national cuisine, \n riding a horse up to waterfalls, sailing the endless lake on a ship, sleeping in a yurt, seeing wild animals, visiting museums with parks, \n roaming canyons with gorges and so much more! Spend your unforgettable vacation this stunning way embarking on the tour that is a pure treasure!','2023-10-04 00:00:00','2023-10-15 00:00:00',5920,'https://gulaytour.ru/wp-content/uploads/2017/10/issyk-kul_4_3_2-thumb-1024xauto-1106731-1024x768.jpg');
/*!40000 ALTER TABLE `vacations` ENABLE KEYS */;
UNLOCK TABLES;

--
-- Dumping events for database 'project3'
--

--
-- Dumping routines for database 'project3'
--
/*!40103 SET TIME_ZONE=@OLD_TIME_ZONE */;

/*!40101 SET SQL_MODE=@OLD_SQL_MODE */;
/*!40014 SET FOREIGN_KEY_CHECKS=@OLD_FOREIGN_KEY_CHECKS */;
/*!40014 SET UNIQUE_CHECKS=@OLD_UNIQUE_CHECKS */;
/*!40101 SET CHARACTER_SET_CLIENT=@OLD_CHARACTER_SET_CLIENT */;
/*!40101 SET CHARACTER_SET_RESULTS=@OLD_CHARACTER_SET_RESULTS */;
/*!40101 SET COLLATION_CONNECTION=@OLD_COLLATION_CONNECTION */;
/*!40111 SET SQL_NOTES=@OLD_SQL_NOTES */;

-- Dump completed on 2023-10-06  0:15:08
